Settlement Date,Txn Date,Txn Reference,Customer Name,Payment Method,Gross Amount (Rs),MDR,GST on MDR,Net Settled (Rs),Settlement UTR,Txn Status
10/08/2026 11:00 AM,09/08/2026 09:30 AM,MGW7300000006,Abhishek Pandey,UPI,"1,12,500.00",0.00,0.00,"1,12,500.00",SETL20260810017731,Captured
11/08/2026 11:00 AM,10/08/2026 09:36 AM,MGW7300000012,Bhavana Murthy,UPI,"1,35,000.00",0.00,0.00,"1,35,000.00",SETL20260811027731,Captured
13/08/2026 11:00 AM,12/08/2026 09:48 AM,MGW7300000023,Lakshmi Narayanan,Card,"62,000.00","1,116.00",200.88,"60,683.12",SETL20260813037731,Captured
14/08/2026 11:00 AM,13/08/2026 04:45 PM,MGW7300000003,Priya Nair,Card,"51,875.00",933.75,168.08,"50,773.17",SETL20260814047731,Captured
15/08/2026 11:00 AM,14/08/2026 12:30 PM,MGW7300000002,Rohan Kulkarni,UPI,"82,500.00",0.00,0.00,"82,500.00",SETL20260815057731,Captured
15/08/2026 11:00 AM,14/08/2026 03:05 PM,MGW7300000004,Arjun Mehta,UPI,"5,000.00",0.00,0.00,"5,000.00",SETL20260815057731,Captured
16/08/2026 11:00 AM,15/08/2026 12:51 PM,MGW7300000009,Akash Yadav,Card,"31,000.00",558.00,100.44,"30,341.56",SETL20260816067731,Captured
21/08/2026 11:00 AM,20/08/2026 03:15 PM,MGW7300000032,Pranav Kamath,UPI,"18,000.00",0.00,0.00,"18,000.00",SETL20260821077731,Captured
21/08/2026 11:00 AM,20/08/2026 12:31 PM,MGW7300000035,Shruti Bhat,UPI,"31,000.00",0.00,0.00,"31,000.00",SETL20260821077731,Captured
22/08/2026 11:00 AM,21/08/2026 12:37 PM,MGW7300000042,Vivek Anand,UPI,"31,000.00",0.00,0.00,"31,000.00",SETL20260822087731,Captured
23/08/2026 11:00 AM,22/08/2026 04:18 PM,MGW7300000016,Fatima Sheikh,UPI,"28,000.00",0.00,0.00,"28,000.00",SETL20260823097731,Captured
24/08/2026 11:00 AM,23/08/2026 03:34 PM,MGW7300000021,Kiran Shenoy,UPI,"67,500.00",0.00,0.00,"67,500.00",SETL20260824107731,Captured
25/08/2026 11:00 AM,24/08/2026 09:48 AM,MGW7300000024,Lakshmi Narayanan,Card,"5,000.00",90.00,16.20,"4,893.80",SETL20260825117731,Captured
25/08/2026 11:00 AM,24/08/2026 03:40 PM,MGW7300000029,Naveen Kumar,UPI,"76,000.00",0.00,0.00,"76,000.00",SETL20260825117731,Captured
26/08/2026 11:00 AM,25/08/2026 03:46 PM,MGW7300000033,Rekha Ramachandran,Card,"1,73,000.00","3,114.00",560.52,"1,69,325.48",SETL20260826127731,Captured
27/08/2026 11:00 AM,26/08/2026 10:37 AM,MGW7300000007,Aditya Sharma,UPI,"1,12,500.00",0.00,0.00,"1,12,500.00",SETL20260827137731,Captured
31/08/2026 11:00 AM,30/08/2026 12:55 PM,MGW7300000026,Madhuri Jadhav,UPI,"18,000.00",0.00,0.00,"18,000.00",SETL20260831147731,Captured
04/09/2026 11:00 AM,03/09/2026 04:18 PM,MGW7300000017,Fatima Sheikh,UPI,"3,000.00",0.00,0.00,"3,000.00",SETL20260904157731,Captured
05/09/2026 11:00 AM,04/09/2026 02:16 PM,MGW7300000027,Mohammed Irfan,UPI,"1,73,000.00",0.00,0.00,"1,73,000.00",SETL20260905167731,Captured
07/09/2026 11:00 AM,06/09/2026 01:38 PM,MGW7300000036,Siddharth Joshi,UPI,"28,000.00",0.00,0.00,"28,000.00",SETL20260907177731,Captured
08/09/2026 11:00 AM,07/09/2026 01:44 PM,MGW7300000043,Yash Thakur,Card,"86,500.00","1,557.00",280.26,"84,662.74",SETL20260908187731,Captured
09/09/2026 11:00 AM,08/09/2026 11:00 AM,MGW7300000040,Tejas Kulkarni,UPI,"41,500.00",0.00,0.00,"41,500.00",SETL20260909197731,Captured
10/09/2026 11:00 AM,09/09/2026 06:35 PM,MGW7300000019,Gaurav Chauhan,UPI,"24,000.00",0.00,0.00,"24,000.00",SETL20260910207731,Captured
10/09/2026 11:00 AM,09/09/2026 04:41 PM,MGW7300000022,Kunal Malhotra,UPI,"31,000.00",0.00,0.00,"31,000.00",SETL20260910207731,Captured
10/09/2026 11:00 AM,09/09/2026 11:00 AM,MGW7300000028,Nandini Rao,UPI,"86,500.00",0.00,0.00,"86,500.00",SETL20260910207731,Captured
11/09/2026 11:00 AM,10/09/2026 11:00 AM,MGW7300000013,Chetan Gowda,UPI,"41,500.00",0.00,0.00,"41,500.00",SETL20260911217731,Captured
11/09/2026 11:00 AM,10/09/2026 04:47 PM,MGW7300000030,Neha Saxena,Card,"76,000.00","1,368.00",246.24,"74,385.76",SETL20260911217731,Captured
14/09/2026 11:00 AM,13/09/2026 11:50 AM,MGW7300000014,Deepika Srinivasan,Card,"1,12,500.00","2,025.00",364.50,"1,10,110.50",SETL20260914227731,Captured
18/09/2026 11:00 AM,17/09/2026 12:14 PM,MGW7300000034,Sanjana Reddy,UPI,"86,500.00",0.00,0.00,"86,500.00",SETL20260918237731,Captured
19/09/2026 11:00 AM,18/09/2026 01:38 PM,MGW7300000037,Siddharth Joshi,UPI,"48,000.00",0.00,0.00,"48,000.00",SETL20260919247731,Captured
19/09/2026 11:00 AM,18/09/2026 11:30 AM,MGW7300000041,Varun Naidu,UPI,"1,12,500.00",0.00,0.00,"1,12,500.00",SETL20260919247731,Captured
20/09/2026 11:00 AM,19/09/2026 02:10 PM,MGW7300000008,Aishwarya Gowda,UPI,"76,000.00",0.00,0.00,"76,000.00",SETL20260920257731,Captured
20/09/2026 11:00 AM,19/09/2026 05:05 PM,MGW7300000011,Anjali Mishra,UPI,"24,000.00",0.00,0.00,"24,000.00",SETL20260920257731,Captured
21/09/2026 11:00 AM,20/09/2026 06:22 PM,MGW7300000001,Ananya Rao,UPI,"41,500.00",0.00,0.00,"41,500.00",SETL20260921267731,Captured
21/09/2026 11:00 AM,20/09/2026 03:17 PM,MGW7300000020,Keerthana Subramanian,UPI,"41,500.00",0.00,0.00,"41,500.00",SETL20260921267731,Captured
22/09/2026 11:00 AM,21/09/2026 07:48 PM,MGW7300000005,Sneha Iyer,UPI,"86,500.00",0.00,0.00,"86,500.00",SETL20260922277731,Captured
22/09/2026 11:00 AM,18/09/2026 03:05 PM,MGW7300000010,Anjali Mishra,UPI,"41,500.00",0.00,0.00,0.00,,Failed
